{    "employee1" : {        "id":"001",        "name": "John Dow",        "department": "IT",        "email": "john.dow@email.com",        "mobile": "123456789"    },    "employee2" : {        "id":"002",        "name": "Steve Jobs",        "department": "NSS",        "email": "steve.jobs@email.com",        "mobile": "987654321"    },    "employee3" : {        "id":"003",        "name": "Papa John",        "department": "Admin",        "email": "papa.john@email.com",        "mobile": "234567891"    },    "employee4" : {        "id":"004",        "name": "John Papa",        "department": "IT",        "email": "john.papa@email.com",        "mobile": "3222323232"    }}